{"1": [1.0, 1.0, 2.2, 32.0, 1.0, 13.598434005136, 0.754195, 0.0, 14.1], "2": [18.0, 1.0, 0.0, 46.0, 2.0, 24.587387936, -19.7, 0.0, 31.8], "3": [1.0, 2.0, 0.98, 133.0, 1.0, 5.391714761, 0.618049, 0.0, 13.1], "4": [2.0, 2.0, 1.57, 102.0, 2.0, 9.322699, -2.4, 0.0, 5.0], "5": [13.0, 2.0, 2.04, 85.0, 3.0, 8.298019, 0.279723, 1.0, 4.6], "6": [14.0, 2.0, 2.55, 75.0, 4.0, 11.260296, 1.262119, 1.0, 5.3], "7": [15.0, 2.0, 3.04, 71.0, 5.0, 14.53413, -1.4, 1.0, 17.3], "8": [16.0, 2.0, 3.44, 63.0, 6.0, 13.618054, 1.4611135, 1.0, 14.0], "9": [17.0, 2.0, 3.98, 64.0, 7.0, 17.42282, 3.4011897000000006, 1.0, 17.1], "10": [18.0, 2.0, 0.0, 67.0, 8.0, 21.56454, 0.0, 1.0, 16.8], "11": [1.0, 3.0, 0.93, 155.0, 1.0, 5.1390767, 0.547926, 0.0, 23.7], "12": [2.0, 3.0, 1.31, 139.0, 2.0, 7.646235, 0.0, 0.0, 14.0], "13": [13.0, 3.0, 1.61, 126.0, 3.0, 5.9857684, 0.43283, 1.0, 10.0], "14": [14.0, 3.0, 1.9, 115.99999999999999, 4.0, 8.151683, 1.3895211, 1.0, 12.1], "15": [15.0, 3.0, 2.19, 111.00000000000001, 5.0, 10.486686, 0.746607, 1.0, 17.0], "16": [16.0, 3.0, 2.58, 103.0, 6.0, 10.36001, 2.07710403, 1.0, 15.5], "17": [17.0, 3.0, 3.16, 99.0, 7.0, 12.96763, 3.612725, 1.0, 18.7], "18": [18.0, 3.0, 0.0, 96.0, 8.0, 15.7596112, -11.5, 1.0, 24.2], "19": [1.0, 4.0, 0.82, 196.0, 1.0, 4.34066354, 0.50147, 0.0, 45.3], "20": [2.0, 4.0, 1.0, 171.0, 2.0, 6.1131552, 0.02455, 0.0, 29.9], "21": [3.0, 4.0, 1.36, 148.0, 3.0, 6.56149, 0.188, 2.0, 15.0], "22": [4.0, 4.0, 1.54, 136.0, 4.0, 6.82812, 0.079, 2.0, 10.6], "23": [5.0, 4.0, 1.63, 134.0, 5.0, 6.746187, 0.525, 2.0, 8.35], "24": [6.0, 4.0, 1.66, 122.0, 6.0, 6.76651, 0.6659999999999999, 2.0, 7.23], "25": [7.0, 4.0, 1.55, 119.0, 7.0, 7.434018, 0.0, 2.0, 7.39], "26": [8.0, 4.0, 1.83, 115.99999999999999, 8.0, 7.9024678, 0.151, 2.0, 7.1], "27": [9.0, 4.0, 1.88, 111.00000000000001, 9.0, 7.88101, 0.66225646, 2.0, 6.7], "28": [10.0, 4.0, 1.91, 110.00000000000001, 10.0, 7.639877, 1.156, 2.0, 6.6], "29": [11.0, 4.0, 1.9, 112.00000000000001, 11.0, 7.72638, 1.235, 2.0, 7.1], "30": [12.0, 4.0, 1.65, 118.0, 12.0, 9.394199, 0.0, 2.0, 9.2], "31": [13.0, 4.0, 1.81, 124.0, 3.0, 5.9993018, 0.43, 1.0, 11.8], "32": [14.0, 4.0, 2.01, 121.0, 4.0, 7.899435, 1.232712, 1.0, 13.6], "33": [15.0, 4.0, 2.18, 121.0, 5.0, 9.789, 0.804, 1.0, 13.1], "34": [16.0, 4.0, 2.55, 115.99999999999999, 6.0, 9.752392, 2.02067, 1.0, 16.5], "35": [17.0, 4.0, 2.96, 113.99999999999999, 7.0, 11.81381, 3.3635882000000006, 1.0, 23.5], "36": [18.0, 4.0, 0.0, 117.0, 8.0, 13.9996049, 0.0, 1.0, 32.2], "37": [1.0, 5.0, 0.82, 210.0, 1.0, 4.177128, 0.48591999999999996, 0.0, 55.9], "38": [2.0, 5.0, 0.95, 185.0, 2.0, 5.6948672, 0.048, 0.0, 33.7], "39": [3.0, 5.0, 1.22, 163.0, 3.0, 6.21726, 0.307, 2.0, 19.8], "40": [4.0, 5.0, 1.33, 154.0, 4.0, 6.6339, 0.426, 2.0, 14.1], "41": [5.0, 5.0, 1.6, 147.0, 5.0, 6.75885, 0.917406, 2.0, 10.8], "42": [6.0, 5.0, 2.16, 138.0, 6.0, 7.09243, 0.748, 2.0, 9.4], "43": [7.0, 5.0, 2.1, 128.0, 7.0, 7.119381, 0.55, 2.0, 8.5], "44": [8.0, 5.0, 2.2, 125.0, 8.0, 7.3605, 1.05, 2.0, 8.3], "45": [9.0, 5.0, 2.28, 125.0, 9.0, 7.4589, 1.137, 2.0, 8.3], "46": [10.0, 5.0, 2.2, 120.0, 10.0, 8.33686, 0.562, 2.0, 8.9], "47": [11.0, 5.0, 1.93, 128.0, 11.0, 7.576234, 1.3019999999999998, 2.0, 10.3], "48": [12.0, 5.0, 1.69, 136.0, 12.0, 8.993822, 0.0, 2.0, 13.1], "49": [13.0, 5.0, 1.78, 142.0, 3.0, 5.7863552, 0.3, 1.0, 15.7], "50": [14.0, 5.0, 1.96, 140.0, 4.0, 7.343917, 1.112067, 1.0, 16.3], "51": [15.0, 5.0, 2.05, 140.0, 5.0, 8.608389, 1.046, 1.0, 18.4], "52": [16.0, 5.0, 2.1, 136.0, 6.0, 9.00966, 1.9708759999999999, 1.0, 20.5], "53": [17.0, 5.0, 2.66, 133.0, 7.0, 10.45126, 3.0590368, 1.0, 25.7], "54": [18.0, 5.0, 2.6, 131.0, 8.0, 12.1298431, -0.055999999999999994, 1.0, 42.9], "55": [1.0, 6.0, 0.79, 231.99999999999997, 1.0, 3.893905548, 0.47162600000000005, 0.0, 70.0], "56": [2.0, 6.0, 0.89, 196.0, 2.0, 5.211664, 0.14462, 0.0, 39.0], "57": [3.0, 6.0, 1.1, 180.0, 3.0, 5.5769, 0.47, 2.0, 22.5], "58": [0.0, 6.0, 1.12, 163.0, 4.0, 5.5386, 0.65, 3.0, 21.0], "59": [0.0, 6.0, 1.13, 176.0, 5.0, 5.473, 0.9620000000000001, 3.0, 20.8], "60": [0.0, 6.0, 1.14, 174.0, 6.0, 5.525, 1.916, 3.0, 20.6], "61": [0.0, 6.0, 0.0, 173.0, 7.0, 5.582, 0.0, 3.0, 0.0], "62": [0.0, 6.0, 1.17, 172.0, 8.0, 5.64371, 0.0, 3.0, 19.9], "63": [0.0, 6.0, 0.0, 168.0, 9.0, 5.670385, 0.8640000000000001, 3.0, 28.9], "64": [0.0, 6.0, 1.2, 169.0, 10.0, 6.149796, 0.0, 3.0, 19.9], "65": [0.0, 6.0, 0.0, 168.0, 11.0, 5.8638, 1.165, 3.0, 19.2], "66": [0.0, 6.0, 1.22, 167.0, 12.0, 5.93905, 0.35200000000000004, 3.0, 19.0], "67": [0.0, 6.0, 1.23, 166.0, 13.0, 6.0215, 0.0, 3.0, 18.7], "68": [0.0, 6.0, 1.24, 165.0, 14.0, 6.1077, 0.0, 3.0, 18.4], "69": [0.0, 6.0, 1.25, 164.0, 15.0, 6.18431, 1.0290000000000001, 3.0, 18.1], "70": [0.0, 6.0, 0.0, 170.0, 16.0, 6.25416, -0.02, 3.0, 24.8], "71": [0.0, 6.0, 1.0, 162.0, 17.0, 5.425871, 0.34, 3.0, 17.8], "72": [4.0, 6.0, 1.3, 152.0, 4.0, 6.82507, 0.013999999999999999, 2.0, 13.6], "73": [5.0, 6.0, 1.5, 146.0, 5.0, 7.54957, 0.322, 2.0, 10.9], "74": [6.0, 6.0, 1.7, 137.0, 6.0, 7.86403, 0.81626, 2.0, 9.53], "75": [7.0, 6.0, 1.9, 131.0, 7.0, 7.83352, 0.15, 2.0, 8.85], "76": [8.0, 6.0, 2.2, 129.0, 8.0, 8.43823, 1.1, 2.0, 8.43], "77": [9.0, 6.0, 2.2, 122.0, 9.0, 8.96702, 1.5638, 2.0, 8.54], "78": [10.0, 6.0, 2.2, 123.0, 10.0, 8.95883, 2.128, 2.0, 9.1], "79": [11.0, 6.0, 2.4, 124.0, 11.0, 9.225553, 2.30863, 2.0, 10.2], "80": [12.0, 6.0, 1.9, 133.0, 12.0, 10.437504, 0.0, 2.0, 14.8], "81": [13.0, 6.0, 1.8, 144.0, 3.0, 6.108287, 0.377, 1.0, 17.2], "82": [14.0, 6.0, 1.8, 144.0, 4.0, 7.4166796, 0.35674316, 1.0, 18.3], "83": [15.0, 6.0, 1.9, 151.0, 5.0, 7.285516, 0.942362, 1.0, 21.3], "84": [16.0, 6.0, 2.0, 145.0, 6.0, 8.414, 1.9, 1.0, 22.7], "85": [17.0, 6.0, 2.2, 147.0, 7.0, 9.31751, 2.8, 1.0, 0.0], "86": [18.0, 6.0, 0.0, 142.0, 8.0, 10.7485, 0.0, 1.0, 0.0], "87": [1.0, 7.0, 0.7, 223.0, 1.0, 4.0727409, 0.486, 0.0, 0.0], "88": [2.0, 7.0, 0.9, 200.99999999999997, 2.0, 5.278424, 0.1, 0.0, 45.0], "89": [3.0, 7.0, 1.1, 186.0, 3.0, 5.380226, 0.35, 2.0, 22.54], "90": [0.0, 7.0, 1.3, 175.0, 4.0, 6.3067, 0.0, 3.0, 19.8], "91": [0.0, 7.0, 1.5, 169.0, 5.0, 5.89, 0.0, 3.0, 15.0], "92": [0.0, 7.0, 1.7, 170.0, 6.0, 6.19405, 0.0, 3.0, 12.5], "93": [0.0, 7.0, 1.3, 171.0, 7.0, 6.2655, 0.0, 3.0, 21.1], "94": [0.0, 7.0, 1.3, 172.0, 8.0, 6.0258, 0.0, 3.0, 0.0], "95": [0.0, 7.0, 0.0, 166.0, 9.0, 5.9738, 0.0, 3.0, 20.8], "96": [0.0, 7.0, 0.0, 166.0, 10.0, 5.9914, 0.0, 3.0, 18.28], "97": [0.0, 7.0, 0.0, 168.0, 11.0, 6.1978, 0.0, 3.0, 0.0], "98": [0.0, 7.0, 0.0, 168.0, 12.0, 6.2817, 0.0, 3.0, 0.0], "99": [0.0, 7.0, 0.0, 165.0, 13.0, 6.3676, 0.0, 3.0, 0.0], "100": [0.0, 7.0, 0.0, 167.0, 14.0, 6.5, 0.0, 3.0, 0.0]}